{
  "bot.py": 1775508487.71004,
  "config.py": 1775510904.7769415,
  "dashboard.py": 1775511592.774191,
  "audio\\cache.py": 1775506130.1836646,
  "audio\\manager.py": 1775510609.2103312,
  "audio\\recommendation_service.py": 1771531994.6806004,
  "audio\\__init__.py": 1753557756.5003715,
  "commands\\admin.py": 1775506471.9808352,
  "commands\\music.py": 1775506284.9443495,
  "commands\\__init__.py": 1753557756.5003715,
  "music_web_app\\app.py": 1771541903.2936099,
  "music_web_app\\config.py": 1771531612.8301575,
  "music_web_app\\test_ytdlp.py": 1771595500.8246179,
  "music_web_app\\services\\audio_provider.py": 1771531683.216758,
  "music_web_app\\services\\queue_manager.py": 1771542035.8549013,
  "music_web_app\\services\\recommender.py": 1771408314.3864655,
  "music_web_app\\services\\streamer.py": 1771531602.4970086,
  "music_web_app\\static\\js\\player.js": 1771548240.9138055,
  "tests\\test_ai_brain.py": 1770649039.1112576,
  "tests\\test_autoplay.py": 1770629763.8399096,
  "tests\\test_logic.py": 1771322169.8016367,
  "tests\\test_performance.py": 1775506932.9726,
  "ui\\views.py": 1771531043.7410266,
  "ui\\__init__.py": 1753557756.4983716,
  "utils\\ai_brain.py": 1770765099.9460506,
  "utils\\circuit_breaker.py": 1771318713.7032187,
  "utils\\connection_pool.py": 1771313490.4799297,
  "utils\\db.py": 1775506343.6043444,
  "utils\\limiter.py": 1771531087.2672176,
  "utils\\listening_history.py": 1771531119.0331063,
  "utils\\logger.py": 1753557756.4983716,
  "utils\\stats_manager.py": 1775506384.890196,
  "utils\\__init__.py": 1753557756.4983716,
  "DOCKER_DEPLOYMENT.md": 1770591115.4520333,
  "PRIVACY_POLICY.md": 1770643476.1263843,
  "README.md": 1775508501.4563286,
  "requirements.txt": 1775510913.6575537,
  "TERMS_OF_SERVICE.md": 1770643445.8917532,
  "landing-page\\README.md": 1770673971.1322036,
  "landing-page\\robots.txt": 1770797294.4785037,
  "music_web_app\\requirements.txt": 1771544899.4026124,
  "landing-page\\favicon.svg": 1770795859.488083,
  "static\\favicon.svg": 1770793686.1890795
}